date,open,high,low,close,ticker
2021-09-13,185.3,187.92,183.6,185.23,MMM
2021-09-14,185.65,186.0,181.68,182.42,MMM
2021-09-15,182.82,185.11,182.33,184.19,MMM
2021-09-16,184.15,184.6,181.8243,182.66,MMM
2021-09-17,181.09,182.6599,179.41,181.49,MMM
2021-09-20,178.64,181.74,178.29,180.53,MMM
2021-09-21,180.97,181.08,177.7,178.42,MMM
2021-09-22,179.31,180.9479,178.94,179.84,MMM
2021-09-23,180.15,182.85,180.0,181.53,MMM
2021-09-24,181.5,182.07,180.615,181.04,MMM
2021-09-27,180.83,183.16,180.81,181.79,MMM
2021-09-28,181.82,182.854,179.77,180.05,MMM
2021-09-29,179.92,181.3913,179.17,180.88,MMM
2021-09-30,181.72,182.06,175.37,175.42,MMM
2021-10-01,176.25,177.41,174.22,176.68,MMM
2021-10-04,174.15,177.1,173.78,176.04,MMM
2021-10-05,176.18,178.61,175.57,177.88,MMM
2021-10-06,176.63,178.55,175.52,178.4,MMM
2021-10-07,180.0,180.78,177.7,177.8,MMM
2021-10-08,177.57,178.1,176.7756,176.95,MMM
2021-10-11,178.02,178.6,176.2,176.28,MMM
2021-10-12,176.3,176.89,175.13,175.53,MMM
2021-10-13,175.61,178.4,175.04,177.17,MMM
2021-10-14,178.0,180.4,177.95,180.32,MMM
2021-10-15,180.69,183.0,180.68,181.94,MMM
2021-10-18,180.79,181.92,179.34,181.72,MMM
2021-10-19,182.44,182.85,181.64,182.31,MMM
2021-10-20,182.59,183.18,182.04,182.42,MMM
2021-10-21,182.85,183.03,180.52,182.12,MMM
2021-10-22,182.57,183.29,180.78,180.8,MMM
2021-10-25,180.5,182.95,179.45,182.4,MMM
2021-10-26,181.07,183.82,179.17,182.16,MMM
2021-10-27,182.27,182.34,178.08,178.24,MMM
2021-10-28,178.25,180.01,178.24,179.87,MMM
2021-10-29,179.71,180.91,178.1196,178.68,MMM
2021-11-01,178.53,179.74,177.51,179.58,MMM
2021-11-02,179.99,182.1,179.61,181.97,MMM
2021-11-03,181.79,182.62,179.98,182.23,MMM
2021-11-04,182.47,182.96,180.24,180.61,MMM
2021-11-05,182.12,183.82,180.95,181.8,MMM
2021-11-08,182.66,183.43,180.27,181.54,MMM
2021-11-09,181.37,182.57,180.45,181.33,MMM
2021-11-10,181.33,182.84,180.0,182.42,MMM
2021-11-11,183.01,183.04,179.51,180.21,MMM
2021-11-12,180.95,186.3,180.285,183.66,MMM
2021-11-15,184.09,185.04,182.9,183.31,MMM
2021-11-16,183.31,184.2,182.7,183.37,MMM
2021-11-17,183.37,183.87,181.63,183.34,MMM
2021-11-18,182.11,182.54,178.69,178.77,MMM
2021-11-19,179.44,180.81,178.12,179.23,MMM
2021-09-13,160.64,161.8,159.75,161.45,AXP
2021-09-14,162.68,165.83,158.78,159.48,AXP
2021-09-15,160.02,162.31,159.21,161.34,AXP
2021-09-16,163.1,164.5,162.2,162.63,AXP
2021-09-17,161.57,164.25,161.57,163.92,AXP
2021-09-20,159.36,162.14,157.95,160.57,AXP
2021-09-21,161.91,165.35,161.69,163.27,AXP
2021-09-22,165.62,168.62,164.9,167.49,AXP
2021-09-23,169.49,174.1,169.31,173.36,AXP
2021-09-24,173.37,176.0,173.3,175.72,AXP
2021-09-27,177.67,178.8,176.33,176.77,AXP
2021-09-28,175.49,177.24,172.685,173.14,AXP
2021-09-29,172.89,172.98,170.4,171.54,AXP
2021-09-30,172.18,172.36,167.41,167.53,AXP
2021-10-01,168.5,175.12,168.48,173.94,AXP
2021-10-04,173.88,177.23,171.88,172.66,AXP
2021-10-05,173.43,176.06,172.64,174.76,AXP
2021-10-06,172.55,174.9,169.9,173.4,AXP
2021-10-07,175.5,176.8681,173.7,174.29,AXP
2021-10-08,173.85,176.98,173.53,175.15,AXP
2021-10-11,175.79,176.79,173.33,173.46,AXP
2021-10-12,173.61,176.56,173.1,174.91,AXP
2021-10-13,172.78,174.0861,167.08,168.72,AXP
2021-10-14,171.0,172.38,169.81,171.51,AXP
2021-10-15,173.77,177.77,173.15,175.81,AXP
2021-10-18,175.58,177.605,174.33,176.82,AXP
2021-10-19,177.73,178.0,176.26,177.31,AXP
2021-10-20,176.95,179.77,176.21,179.6,AXP
2021-10-21,179.58,179.79,176.01,177.47,AXP
2021-10-22,185.0,189.03,182.2,187.08,AXP
2021-10-25,186.73,187.21,181.83,182.31,AXP
2021-10-26,183.42,183.5,177.52,180.95,AXP
2021-10-27,180.1,183.73,177.91,178.03,AXP
2021-10-28,178.4,179.2271,173.02,174.61,AXP
2021-10-29,175.63,176.67,173.04,173.78,AXP
2021-11-01,174.58,176.07,173.34,174.21,AXP
2021-11-02,175.0,175.2,172.57,173.17,AXP
2021-11-03,172.7,173.83,171.75,172.61,AXP
2021-11-04,172.13,174.02,171.66,172.53,AXP
2021-11-05,176.18,177.79,175.35,176.69,AXP
2021-11-08,178.07,182.09,177.79,180.05,AXP
2021-11-09,179.76,181.19,178.43,179.86,AXP
2021-11-10,179.36,183.48,179.36,181.39,AXP
2021-11-11,181.99,182.73,180.74,181.3,AXP
2021-11-12,180.71,182.38,179.65,181.89,AXP
2021-11-15,182.53,183.93,182.04,183.13,AXP
2021-11-16,183.4,183.4,179.74,180.92,AXP
2021-11-17,181.18,181.74,178.2,179.61,AXP
2021-11-18,180.0,180.37,175.84,176.21,AXP
2021-11-19,173.73,175.265,171.84,173.54,AXP
2021-09-13,150.63,151.42,148.75,149.55,AAPL
2021-09-14,150.35,151.07,146.91,148.12,AAPL
2021-09-15,148.56,149.44,146.37,149.03,AAPL
2021-09-16,148.44,148.97,147.221,148.79,AAPL
2021-09-17,148.82,148.82,145.76,146.06,AAPL
2021-09-20,143.8,144.84,141.27,142.94,AAPL
2021-09-21,143.93,144.6,142.78,143.43,AAPL
2021-09-22,144.45,146.43,143.7001,145.85,AAPL
2021-09-23,146.65,147.08,145.64,146.83,AAPL
2021-09-24,145.66,147.4701,145.56,146.92,AAPL
2021-09-27,145.47,145.96,143.82,145.37,AAPL
2021-09-28,143.25,144.75,141.69,141.91,AAPL
2021-09-29,142.47,144.45,142.03,142.83,AAPL
2021-09-30,143.66,144.378,141.28,141.5,AAPL
2021-10-01,141.9,142.92,139.1101,142.65,AAPL
2021-10-04,141.76,142.21,138.27,139.14,AAPL
2021-10-05,139.49,142.24,139.36,141.11,AAPL
2021-10-06,139.47,142.15,138.37,142.0,AAPL
2021-10-07,143.06,144.215,142.72,143.29,AAPL
2021-10-08,144.03,144.1781,142.56,142.9,AAPL
2021-10-11,142.27,144.81,141.81,142.81,AAPL
2021-10-12,143.23,143.25,141.0401,141.51,AAPL
2021-10-13,141.235,141.4,139.2,140.91,AAPL
2021-10-14,142.11,143.88,141.51,143.76,AAPL
2021-10-15,143.77,144.895,143.51,144.84,AAPL
2021-10-18,143.445,146.84,143.16,146.55,AAPL
2021-10-19,147.01,149.17,146.55,148.76,AAPL
2021-10-20,148.7,149.7539,148.12,149.26,AAPL
2021-10-21,148.81,149.64,147.87,149.48,AAPL
2021-10-22,149.69,150.18,148.64,148.69,AAPL
2021-10-25,148.68,149.37,147.6211,148.64,AAPL
2021-10-26,149.33,150.84,149.0101,149.32,AAPL
2021-10-27,149.36,149.73,148.49,148.85,AAPL
2021-10-28,149.82,153.165,149.72,152.57,AAPL
2021-10-29,147.215,149.94,146.4128,149.8,AAPL
2021-11-01,148.985,149.7,147.8,148.96,AAPL
2021-11-02,148.66,151.57,148.65,150.02,AAPL
2021-11-03,150.39,151.97,149.82,151.49,AAPL
2021-11-04,151.58,152.43,150.64,150.96,AAPL
2021-11-05,151.89,152.2,150.06,151.28,AAPL
2021-11-08,151.41,151.57,150.16,150.44,AAPL
2021-11-09,150.2,151.428,150.0601,150.81,AAPL
2021-11-10,150.02,150.13,147.85,147.92,AAPL
2021-11-11,148.96,149.43,147.681,147.87,AAPL
2021-11-12,148.43,150.4,147.48,149.99,AAPL
2021-11-15,150.37,151.88,149.43,150.0,AAPL
2021-11-16,149.94,151.488,149.34,151.0,AAPL
2021-11-17,150.995,155.0,150.99,153.49,AAPL
2021-11-18,153.71,158.67,153.05,157.87,AAPL
2021-11-19,157.65,161.02,156.5328,160.55,AAPL
2021-09-13,211.35,215.64,209.88,214.48,BA
2021-09-14,215.84,216.11,210.711,211.57,BA
2021-09-15,211.79,214.35,210.32,214.22,BA
2021-09-16,213.96,216.31,213.31,213.36,BA
2021-09-17,213.12,215.37,211.91,213.36,BA
2021-09-20,210.81,212.43,206.53,209.5,BA
2021-09-21,210.25,211.76,207.72,208.51,BA
2021-09-22,210.0,217.99,209.65,216.98,BA
2021-09-23,217.81,222.62,217.1501,221.1,BA
2021-09-24,219.13,222.41,218.66,221.39,BA
2021-09-27,224.0,228.6,223.8775,224.16,BA
2021-09-28,222.9,224.577,216.4201,218.41,BA
2021-09-29,227.8,229.9399,224.86,225.36,BA
2021-09-30,226.08,226.15,219.46,219.94,BA
2021-10-01,222.85,226.72,220.6,226.0,BA
2021-10-04,225.68,227.9707,222.0,223.79,BA
2021-10-05,224.27,226.45,222.42,224.42,BA
2021-10-06,221.08,225.07,219.2001,224.99,BA
2021-10-07,227.34,229.0,225.9,226.48,BA
2021-10-08,226.75,228.7124,225.4,226.39,BA
2021-10-11,226.5,232.1,225.32,226.45,BA
2021-10-12,226.0,228.66,223.12,223.57,BA
2021-10-13,224.0,224.2995,219.36,221.78,BA
2021-10-14,221.07,222.18,217.0411,217.44,BA
2021-10-15,218.165,219.61,216.28,217.04,BA
2021-10-18,216.0,217.28,214.05,216.98,BA
2021-10-19,217.47,217.6585,215.28,215.97,BA
2021-10-20,215.49,218.66,214.35,216.17,BA
2021-10-21,216.54,218.1122,213.81,214.34,BA
2021-10-22,214.6,216.72,212.575,212.97,BA
2021-10-25,213.25,213.9785,211.7,212.87,BA
2021-10-26,213.19,214.85,208.18,209.81,BA
2021-10-27,212.85,212.9,205.64,206.61,BA
2021-10-28,206.0,208.74,204.6,207.85,BA
2021-10-29,206.84,208.24,205.29,207.03,BA
2021-11-01,207.0,214.69,206.81,214.58,BA
2021-11-02,213.83,215.715,210.7,212.77,BA
2021-11-03,211.47,213.76,210.8721,213.38,BA
2021-11-04,213.8,214.82,211.87,213.03,BA
2021-11-05,217.7,224.58,217.7,224.46,BA
2021-11-08,225.24,226.99,222.11,222.68,BA
2021-11-09,222.49,222.85,217.54,220.79,BA
2021-11-10,219.36,225.68,217.27,218.5,BA
2021-11-11,220.5,222.65,218.9,219.38,BA
2021-11-12,219.72,223.75,218.9,220.96,BA
2021-11-15,227.37,233.94,226.92,233.09,BA
2021-11-16,232.94,232.95,225.51,225.8,BA
2021-11-17,229.54,231.32,224.2,226.62,BA
2021-11-18,230.3,231.5,224.951,227.25,BA
2021-11-19,225.07,225.33,213.23,214.13,BA
2021-09-13,207.16,207.86,203.93,206.2,CAT
2021-09-14,206.04,206.1,201.64,202.33,CAT
2021-09-15,202.17,206.59,201.87,205.73,CAT
2021-09-16,205.45,206.39,202.82,203.6,CAT
2021-09-17,202.63,203.27,199.45,199.75,CAT
2021-09-20,193.06,193.99,188.475,190.82,CAT
2021-09-21,192.0,192.71,186.98,189.84,CAT
2021-09-22,192.0,194.5,191.16,191.35,CAT
2021-09-23,192.91,197.6,192.85,196.62,CAT
2021-09-24,195.65,197.79,194.93,196.82,CAT
2021-09-27,197.6,201.99,197.6,200.0,CAT
2021-09-28,200.2,201.89,198.75,200.55,CAT
2021-09-29,200.48,201.16,197.7,197.87,CAT
2021-09-30,198.62,198.8743,191.63,191.97,CAT
2021-10-01,192.9,195.87,191.24,194.33,CAT
2021-10-04,194.74,195.91,192.41,193.13,CAT
2021-10-05,192.76,194.4,190.73,192.5,CAT
2021-10-06,190.0,192.39,187.8,191.86,CAT
2021-10-07,193.73,196.39,193.61,195.75,CAT
2021-10-08,195.8,196.58,194.74,195.16,CAT
2021-10-11,196.34,197.1707,192.68,192.89,CAT
2021-10-12,192.32,193.5846,189.58,189.92,CAT
2021-10-13,190.5,191.25,187.72,188.94,CAT
2021-10-14,193.55,194.8,192.6124,194.33,CAT
2021-10-15,195.96,199.45,195.3,199.02,CAT
2021-10-18,197.38,198.68,195.545,198.18,CAT
2021-10-19,198.6,201.48,198.46,201.14,CAT
2021-10-20,201.16,205.18,200.5301,204.19,CAT
2021-10-21,201.6,202.3,199.74,202.14,CAT
2021-10-22,200.64,202.345,199.2,200.65,CAT
2021-10-25,201.28,203.31,200.51,202.21,CAT
2021-10-26,202.75,202.785,199.47,199.64,CAT
2021-10-27,200.25,200.43,195.92,196.13,CAT
2021-10-28,197.36,204.5,197.05,204.09,CAT
2021-10-29,207.99,209.75,203.24,204.01,CAT
2021-11-01,204.29,206.88,203.81,205.38,CAT
2021-11-02,205.75,207.81,203.0,207.12,CAT
2021-11-03,206.26,206.5767,201.82,203.55,CAT
2021-11-04,204.0,204.89,202.61,203.59,CAT
2021-11-05,205.48,208.88,205.23,205.88,CAT
2021-11-08,215.89,216.47,211.25,214.25,CAT
2021-11-09,215.18,215.57,208.96,209.81,CAT
2021-11-10,209.27,209.9521,206.43,206.67,CAT
2021-11-11,207.88,210.44,207.88,208.53,CAT
2021-11-12,209.35,210.69,208.3,209.27,CAT
2021-11-15,210.0,210.69,206.76,207.71,CAT
2021-11-16,208.0,208.18,205.26,205.43,CAT
2021-11-17,205.0,205.19,200.85,202.98,CAT
2021-11-18,203.27,203.71,200.66,201.42,CAT
2021-11-19,200.92,202.92,199.66,200.44,CAT
2021-09-13,97.21,98.7099,97.06,97.97,CVX
2021-09-14,98.38,98.74,95.98,96.2,CVX
2021-09-15,96.99,98.53,96.99,98.24,CVX
2021-09-16,98.32,98.59,96.91,97.32,CVX
2021-09-17,97.11,98.38,96.37,96.76,CVX
2021-09-20,94.64,95.25,93.31,94.78,CVX
2021-09-21,95.57,95.89,94.03,94.85,CVX
2021-09-22,96.24,98.78,96.24,97.64,CVX
2021-09-23,98.24,100.2662,97.75,100.06,CVX
2021-09-24,99.65,100.97,99.65,100.6,CVX
2021-09-27,102.59,103.78,102.59,102.97,CVX
2021-09-28,103.91,104.89,102.88,103.36,CVX
2021-09-29,103.21,104.24,102.34,103.33,CVX
2021-09-30,103.42,103.45,101.45,101.45,CVX
2021-10-01,102.215,104.54,101.88,104.33,CVX
2021-10-04,105.0,105.86,104.11,104.72,CVX
2021-10-05,106.04,107.77,105.42,105.86,CVX
2021-10-06,104.18,105.345,103.58,104.93,CVX
2021-10-07,105.61,106.3,105.215,105.68,CVX
2021-10-08,106.81,108.43,106.6,108.05,CVX
2021-10-11,109.56,109.63,106.9231,107.13,CVX
2021-10-12,106.99,107.58,106.17,107.15,CVX
2021-10-13,106.77,108.34,106.48,107.79,CVX
2021-10-14,108.88,109.16,108.11,108.81,CVX
2021-10-15,109.77,110.025,109.43,109.61,CVX
2021-10-18,110.22,110.41,108.955,109.56,CVX
2021-10-19,110.16,111.7,109.795,111.7,CVX
2021-10-20,111.09,113.17,110.78,113.16,CVX
2021-10-21,112.71,112.805,110.87,111.74,CVX
2021-10-22,112.22,112.88,111.45,112.8,CVX
2021-10-25,113.53,114.35,113.3011,113.85,CVX
2021-10-26,113.98,114.6,113.51,114.1,CVX
2021-10-27,113.22,113.58,111.65,112.07,CVX
2021-10-28,111.58,113.27,111.58,113.12,CVX
2021-10-29,114.83,115.29,113.15,114.49,CVX
2021-11-01,115.03,115.09,114.05,114.53,CVX
2021-11-02,114.18,114.19,113.21,113.83,CVX
2021-11-03,112.27,113.27,111.97,113.01,CVX
2021-11-04,114.22,114.26,112.91,113.51,CVX
2021-11-05,114.27,115.05,113.93,114.74,CVX
2021-11-08,115.09,115.99,114.69,115.15,CVX
2021-11-09,115.27,116.12,114.46,116.0,CVX
2021-11-10,115.76,116.21,113.66,114.15,CVX
2021-11-11,113.6,114.67,113.57,114.16,CVX
2021-11-12,113.8,114.305,113.59,114.23,CVX
2021-11-15,114.95,116.95,114.27,116.82,CVX
2021-11-16,117.11,118.08,116.86,117.28,CVX
2021-11-17,114.87,116.53,114.66,115.42,CVX
2021-11-18,114.85,115.38,113.41,114.45,CVX
2021-11-19,112.51,113.15,111.1,111.91,CVX
2021-09-13,58.16,58.53,57.725,58.1,CSCO
2021-09-14,58.24,58.47,57.66,57.87,CSCO
2021-09-15,57.78,59.6,57.06,57.56,CSCO
2021-09-16,58.3093,58.82,57.125,57.33,CSCO
2021-09-17,57.39,57.45,56.47,56.85,CSCO
2021-09-20,56.38,56.4,55.29,55.89,CSCO
2021-09-21,55.96,56.37,55.23,55.26,CSCO
2021-09-22,55.7621,56.13,55.37,55.52,CSCO
2021-09-23,55.6992,56.895,55.6,56.69,CSCO
2021-09-24,56.4468,56.81,56.22,56.73,CSCO
2021-09-27,56.46,56.67,56.05,56.22,CSCO
2021-09-28,55.7841,55.985,55.41,55.52,CSCO
2021-09-29,55.615,55.98,55.34,55.48,CSCO
2021-09-30,55.8,55.9,54.41,54.43,CSCO
2021-10-01,54.6,55.41,54.04,55.14,CSCO
2021-10-04,54.5,54.68,53.95,54.23,CSCO
2021-10-05,54.13,55.025,54.13,54.69,CSCO
2021-10-06,54.345,54.38,52.98,53.94,CSCO
2021-10-07,54.493,55.41,54.35,55.02,CSCO
2021-10-08,55.2,55.3,54.75,55.08,CSCO
2021-10-11,55.25,55.3801,54.9,54.93,CSCO
2021-10-12,54.99,55.06,54.07,54.28,CSCO
2021-10-13,54.32,54.75,54.08,54.62,CSCO
2021-10-14,55.09,55.85,54.98,55.65,CSCO
2021-10-15,55.8876,55.8876,54.96,55.25,CSCO
2021-10-18,55.04,55.49,54.57,55.19,CSCO
2021-10-19,55.29,55.78,55.03,55.74,CSCO
2021-10-20,55.8,56.23,55.8,56.2,CSCO
2021-10-21,56.04,56.12,55.525,55.69,CSCO
2021-10-22,55.55,55.86,54.94,55.11,CSCO
2021-10-25,55.11,55.415,54.81,55.14,CSCO
2021-10-26,55.56,56.3494,55.4,55.81,CSCO
2021-10-27,56.13,56.72,55.925,56.18,CSCO
2021-10-28,56.23,56.685,55.89,56.24,CSCO
2021-10-29,56.315,56.58,55.86,55.97,CSCO
2021-11-01,55.8691,56.25,55.5,56.1,CSCO
2021-11-02,56.37,57.87,56.28,57.62,CSCO
2021-11-03,57.58,57.93,57.12,57.65,CSCO
2021-11-04,57.6,57.69,56.555,57.12,CSCO
2021-11-05,57.3762,57.8,56.93,57.07,CSCO
2021-11-08,57.1,57.52,56.59,57.0,CSCO
2021-11-09,57.07,57.6299,56.9,57.44,CSCO
2021-11-10,57.9,58.625,57.685,57.77,CSCO
2021-11-11,57.57,57.77,56.69,56.76,CSCO
2021-11-12,56.97,57.15,56.31,56.82,CSCO
2021-11-15,56.9287,57.7,56.83,57.27,CSCO
2021-11-16,57.24,58.08,56.925,57.0,CSCO
2021-11-17,56.61,57.14,56.27,56.76,CSCO
2021-11-18,52.73,53.93,51.08,53.63,CSCO
2021-11-19,53.545,53.69,52.78,53.25,CSCO
2021-09-13,55.74,56.395,55.74,56.07,KO
2021-09-14,55.92,55.98,55.55,55.69,KO
2021-09-15,55.68,56.0,55.42,55.88,KO
2021-09-16,55.72,55.985,54.82,55.35,KO
2021-09-17,55.02,55.194,54.37,54.44,KO
2021-09-20,54.11,54.4,53.7273,54.06,KO
2021-09-21,54.39,54.82,53.94,54.05,KO
2021-09-22,54.505,54.56,54.0623,54.13,KO
2021-09-23,54.26,54.6175,54.0,54.04,KO
2021-09-24,54.0,54.24,53.86,53.89,KO
2021-09-27,53.85,54.245,53.57,53.61,KO
2021-09-28,53.46,53.46,52.43,52.64,KO
2021-09-29,52.64,53.155,52.56,52.96,KO
2021-09-30,53.17,53.325,52.43,52.47,KO
2021-10-01,52.78,53.2,52.5707,53.02,KO
2021-10-04,53.06,53.525,52.4,52.99,KO
2021-10-05,53.02,53.47,52.93,53.08,KO
2021-10-06,52.77,53.765,52.51,53.71,KO
2021-10-07,53.99,54.28,53.81,53.88,KO
2021-10-08,54.0,54.39,53.895,54.12,KO
2021-10-11,54.21,54.39,54.01,54.23,KO
2021-10-12,54.42,54.83,54.22,54.23,KO
2021-10-13,54.17,54.43,53.79,54.24,KO
2021-10-14,54.39,54.805,54.31,54.61,KO
2021-10-15,54.64,54.88,54.285,54.48,KO
2021-10-18,54.35,54.39,53.86,53.94,KO
2021-10-19,54.04,54.2,53.77,54.15,KO
2021-10-20,54.18,54.76,54.11,54.63,KO
2021-10-21,54.6,54.67,54.21,54.35,KO
2021-10-22,54.39,54.53,54.07,54.45,KO
2021-10-25,54.38,54.47,54.015,54.23,KO
2021-10-26,54.32,54.58,54.2345,54.47,KO
2021-10-27,55.97,56.08,55.265,55.52,KO
2021-10-28,55.75,56.11,55.62,56.04,KO
2021-10-29,55.87,56.465,55.78,56.37,KO
2021-11-01,56.39,56.4,55.9,56.17,KO
2021-11-02,56.47,56.5,55.965,56.1,KO
2021-11-03,56.0,56.33,55.775,56.29,KO
2021-11-04,56.11,56.63,56.03,56.6,KO
2021-11-05,56.84,57.16,56.59,56.84,KO
2021-11-08,56.75,56.89,56.13,56.33,KO
2021-11-09,56.41,56.52,56.09,56.49,KO
2021-11-10,56.54,56.92,56.29,56.72,KO
2021-11-11,56.825,56.88,56.57,56.74,KO
2021-11-12,56.75,56.985,56.545,56.61,KO
2021-11-15,56.53,56.68,56.27,56.62,KO
2021-11-16,56.62,56.94,56.185,56.22,KO
2021-11-17,56.04,56.05,55.65,55.91,KO
2021-11-18,55.83,55.93,55.14,55.41,KO
2021-11-19,55.44,55.485,54.9047,55.13,KO
2021-09-13,61.27,61.59,60.215,60.72,DOW
2021-09-14,61.24,61.3,59.5224,59.65,DOW
2021-09-15,59.75,60.67,59.67,60.2,DOW
2021-09-16,60.14,60.32,59.07,59.47,DOW
2021-09-17,58.8,59.17,57.47,57.75,DOW
2021-09-20,56.26,57.1304,55.31,56.18,DOW
2021-09-21,56.59,56.86,55.21,55.53,DOW
2021-09-22,56.26,56.98,56.255,56.3,DOW
2021-09-23,56.77,58.045,56.6,57.43,DOW
2021-09-24,57.2,57.34,56.74,56.81,DOW
2021-09-27,56.88,60.38,56.88,59.69,DOW
2021-09-28,60.15,60.645,59.14,59.46,DOW
2021-09-29,59.46,59.6,58.77,58.82,DOW
2021-09-30,58.92,59.17,57.55,57.56,DOW
2021-10-01,57.67,59.01,57.25,58.58,DOW
2021-10-04,58.58,59.0,57.68,58.24,DOW
2021-10-05,58.26,59.445,58.1,59.1,DOW
2021-10-06,58.36,58.57,56.3,57.16,DOW
2021-10-07,57.89,59.47,57.79,58.51,DOW
2021-10-08,58.81,59.29,58.4,58.71,DOW
2021-10-11,59.25,59.78,58.21,58.23,DOW
2021-10-12,58.02,58.37,57.5,57.74,DOW
2021-10-13,57.92,58.05,56.65,56.91,DOW
2021-10-14,57.43,58.78,57.14,58.74,DOW
2021-10-15,59.47,59.73,58.84,58.96,DOW
2021-10-18,57.7,59.39,57.6,58.95,DOW
2021-10-19,59.09,59.27,58.54,59.19,DOW
2021-10-20,59.16,60.6075,58.9412,59.89,DOW
2021-10-21,60.07,61.17,57.96,59.26,DOW
2021-10-22,59.64,60.19,58.38,58.4,DOW
2021-10-25,59.24,59.535,58.61,58.71,DOW
2021-10-26,58.71,59.76,58.1801,58.71,DOW
2021-10-27,58.58,58.58,55.9,56.0,DOW
2021-10-28,56.25,56.86,56.21,56.57,DOW
2021-10-29,56.13,56.65,55.66,55.97,DOW
2021-11-01,56.01,57.98,56.01,57.44,DOW
2021-11-02,57.64,58.74,57.24,58.47,DOW
2021-11-03,58.49,59.585,58.09,59.05,DOW
2021-11-04,59.0,59.015,56.795,57.17,DOW
2021-11-05,57.24,58.745,57.24,58.31,DOW
2021-11-08,58.93,59.68,58.295,58.57,DOW
2021-11-09,58.54,59.12,58.395,58.79,DOW
2021-11-10,58.84,59.29,58.49,58.76,DOW
2021-11-11,59.08,59.98,59.02,59.68,DOW
2021-11-12,59.79,60.55,59.46,60.06,DOW
2021-11-15,60.5,60.82,59.78,59.92,DOW
2021-11-16,59.97,59.99,58.84,58.86,DOW
2021-11-17,58.68,58.98,58.17,58.34,DOW
2021-11-18,58.35,58.37,57.67,57.98,DOW
2021-11-19,57.45,57.52,56.03,57.34,DOW
2021-09-13,54.65,55.925,54.62,55.37,XOM
2021-09-14,55.69,55.77,54.41,54.58,XOM
2021-09-15,55.37,56.534,55.31,56.42,XOM
2021-09-16,56.46,56.46,55.5,55.82,XOM
2021-09-17,55.34,56.75,55.1,55.16,XOM
2021-09-20,53.78,54.17,52.96,53.69,XOM
2021-09-21,54.37,54.51,53.25,53.64,XOM
2021-09-22,54.43,55.905,54.37,55.21,XOM
2021-09-23,55.42,57.2399,55.28,57.08,XOM
2021-09-24,56.7,57.82,56.68,57.59,XOM
2021-09-27,58.85,59.8,58.82,59.3,XOM
2021-09-28,59.9,60.48,59.51,59.92,XOM
2021-09-29,59.84,60.1858,59.05,59.88,XOM
2021-09-30,60.12,60.17,58.81,58.82,XOM
2021-10-01,59.41,60.99,59.41,60.93,XOM
2021-10-04,61.32,62.07,60.9499,61.72,XOM
2021-10-05,62.515,62.695,61.02,61.62,XOM
2021-10-06,60.47,61.115,59.75,60.49,XOM
2021-10-07,60.61,61.08,60.14,60.66,XOM
2021-10-08,61.25,62.415,61.25,62.18,XOM
2021-10-11,63.03,63.06,61.5,61.56,XOM
2021-10-12,61.57,61.98,60.85,61.24,XOM
2021-10-13,60.78,61.39,60.21,61.07,XOM
2021-10-14,61.71,62.22,61.17,62.0,XOM
2021-10-15,62.73,63.07,62.44,62.59,XOM
2021-10-18,63.09,63.14,62.27,62.56,XOM
2021-10-19,62.87,63.61,62.67,63.5,XOM
2021-10-20,62.89,63.8725,62.72,63.85,XOM
2021-10-21,63.47,63.64,62.345,62.69,XOM
2021-10-22,62.77,63.22,62.345,63.12,XOM
2021-10-25,63.72,64.415,63.58,64.35,XOM
2021-10-26,64.49,65.94,64.36,65.84,XOM
2021-10-27,65.16,65.25,63.975,64.13,XOM
2021-10-28,63.82,64.47,63.63,64.31,XOM
2021-10-29,65.05,65.36,64.33,64.47,XOM
2021-11-01,65.065,66.0795,65.02,65.63,XOM
2021-11-02,65.03,65.447,64.66,64.82,XOM
2021-11-03,64.04,64.45,63.66,63.93,XOM
2021-11-04,64.675,64.89,63.83,64.41,XOM
2021-11-05,65.05,65.3254,64.56,65.02,XOM
2021-11-08,65.55,66.38,65.38,65.72,XOM
2021-11-09,65.77,66.37,65.31,66.36,XOM
2021-11-10,65.32,65.65,63.773,64.19,XOM
2021-11-11,64.195,64.825,64.02,64.31,XOM
2021-11-12,63.955,64.37,63.58,63.82,XOM
2021-11-15,63.76,64.767,63.22,64.37,XOM
2021-11-16,64.34,65.37,64.34,65.02,XOM
2021-11-17,64.38,65.24,64.18,64.31,XOM
2021-11-18,64.16,64.53,63.11,63.61,XOM
2021-11-19,61.89,62.03,60.41,60.67,XOM
2021-09-13,407.41,409.37,403.8,409.26,GS
2021-09-14,410.3,417.01,402.78,403.69,GS
2021-09-15,398.0,403.61,396.21,401.95,GS
2021-09-16,404.52,405.98,394.89,396.68,GS
2021-09-17,396.32,399.16,388.83,391.46,GS
2021-09-20,377.82,380.86,372.5,378.13,GS
2021-09-21,380.85,381.5,374.08,375.84,GS
2021-09-22,380.8,389.29,379.71,385.47,GS
2021-09-23,390.39,393.74,388.18,391.86,GS
2021-09-24,390.47,392.49,388.6,390.85,GS
2021-09-27,396.58,401.0,395.18,399.81,GS
2021-09-28,400.45,404.21,388.39,389.5,GS
2021-09-29,390.68,392.39,384.3,384.89,GS
2021-09-30,388.0,388.02,376.62,378.03,GS
2021-10-01,379.44,382.72,375.845,380.0,GS
2021-10-04,380.21,386.87,372.82,374.15,GS
2021-10-05,378.1,388.22,375.5,385.81,GS
2021-10-06,382.38,389.55,378.66,388.05,GS
2021-10-07,392.91,397.85,389.76,390.62,GS
2021-10-08,390.83,394.31,388.18,392.81,GS
2021-10-11,392.9,396.95,385.02,385.24,GS
2021-10-12,386.22,388.59,381.02,386.53,GS
2021-10-13,388.0,388.3809,378.625,386.31,GS
2021-10-14,392.0,393.66,382.2,391.2,GS
2021-10-15,402.31,407.272,396.34,406.07,GS
2021-10-18,408.01,415.94,407.6,413.69,GS
2021-10-19,415.18,415.85,409.69,412.16,GS
2021-10-20,411.0,414.33,406.195,407.89,GS
2021-10-21,406.8,412.66,404.615,407.59,GS
2021-10-22,409.99,415.36,409.1,414.32,GS
2021-10-25,416.21,419.49,413.27,414.75,GS
2021-10-26,416.37,419.81,413.76,417.61,GS
2021-10-27,416.55,418.06,410.55,410.99,GS
2021-10-28,412.0,414.92,409.06,414.82,GS
2021-10-29,414.02,415.96,411.18,413.35,GS
2021-11-01,417.07,418.73,413.248,416.7,GS
2021-11-02,415.1,426.1582,412.79,423.85,GS
2021-11-03,423.115,424.0,412.56,417.9,GS
2021-11-04,414.65,415.99,403.028,408.07,GS
2021-11-05,411.4,414.45,406.1,407.08,GS
2021-11-08,409.89,413.65,407.96,408.34,GS
2021-11-09,406.11,407.584,400.06,405.35,GS
2021-11-10,402.33,405.55,397.245,399.12,GS
2021-11-11,400.14,403.76,398.51,402.34,GS
2021-11-12,403.0,405.1,399.2,404.91,GS
2021-11-15,406.0,407.34,403.9149,404.81,GS
2021-11-16,403.91,405.84,399.0,403.09,GS
2021-11-17,401.85,402.65,391.47,391.55,GS
2021-11-18,392.3,393.9202,385.68,391.37,GS
2021-11-19,382.38,390.24,381.04,387.39,GS
2021-09-13,334.95,337.15,332.75,335.45,HD
2021-09-14,336.03,337.4899,332.4183,333.12,HD
2021-09-15,333.36,334.67,330.1,333.37,HD
2021-09-16,334.72,337.84,334.17,336.39,HD
2021-09-17,334.95,339.645,334.95,335.67,HD
2021-09-20,331.83,335.39,328.4301,331.21,HD
2021-09-21,333.03,336.9676,332.0001,334.22,HD
2021-09-22,335.85,339.0,333.4596,335.93,HD
2021-09-23,337.84,339.52,335.6,335.91,HD
2021-09-24,336.78,337.84,335.55,337.49,HD
2021-09-27,336.87,343.74,336.87,341.41,HD
2021-09-28,341.37,341.37,332.46,333.8,HD
2021-09-29,333.36,338.88,333.36,336.93,HD
2021-09-30,338.24,338.71,327.628,328.26,HD
2021-10-01,328.15,332.73,324.575,329.86,HD
2021-10-04,328.5,330.61,324.16,326.47,HD
2021-10-05,326.9,332.19,326.3269,329.48,HD
2021-10-06,328.16,330.65,325.4,330.36,HD
2021-10-07,333.5,339.22,332.86,337.48,HD
2021-10-08,333.0,335.405,330.88,334.34,HD
2021-10-11,335.6,340.855,334.6,336.97,HD
2021-10-12,339.14,341.05,337.4,337.8,HD
2021-10-13,337.32,340.24,336.55,338.28,HD
2021-10-14,340.53,344.37,340.1,344.05,HD
2021-10-15,346.54,350.9527,345.75,350.41,HD
2021-10-18,349.0,355.95,349.0,355.01,HD
2021-10-19,356.94,358.09,354.42,357.99,HD
2021-10-20,357.74,359.57,356.21,358.23,HD
2021-10-21,358.2,364.85,358.12,364.62,HD
2021-10-22,365.0,367.03,362.15,365.99,HD
2021-10-25,367.2,371.66,365.99,371.26,HD
2021-10-26,373.39,374.05,369.08,369.2,HD
2021-10-27,369.87,375.15,369.3082,372.32,HD
2021-10-28,373.0,373.94,370.89,371.57,HD
2021-10-29,370.33,375.15,370.03,371.74,HD
2021-11-01,373.0,373.57,364.7,366.48,HD
2021-11-02,366.2,368.89,364.94,367.29,HD
2021-11-03,366.63,369.36,365.25,368.97,HD
2021-11-04,370.78,373.23,369.41,372.18,HD
2021-11-05,373.81,374.41,367.57,368.4,HD
2021-11-08,370.22,372.91,367.85,368.59,HD
2021-11-09,369.67,373.88,368.705,370.65,HD
2021-11-10,368.25,371.21,367.72,368.58,HD
2021-11-11,371.0,372.0,365.83,367.63,HD
2021-11-12,369.12,373.5,366.7,372.63,HD
2021-11-15,374.39,374.87,369.29,371.08,HD
2021-11-16,382.0,394.38,379.0,392.33,HD
2021-11-17,392.83,399.43,390.81,394.85,HD
2021-11-18,398.0,406.5378,396.09,405.85,HD
2021-11-19,407.63,410.1,404.1101,408.69,HD
2021-09-13,54.61,55.485,54.41,54.99,INTC
2021-09-14,55.37,55.44,54.27,54.52,INTC
2021-09-15,54.67,55.15,54.42,55.12,INTC
2021-09-16,54.86,54.95,54.24,54.83,INTC
2021-09-17,54.59,54.59,53.665,54.26,INTC
2021-09-20,53.2135,53.5,52.32,52.98,INTC
2021-09-21,53.2,53.45,52.83,52.87,INTC
2021-09-22,53.4,53.87,53.0,53.5,INTC
2021-09-23,53.75,54.3,53.6,54.03,INTC
2021-09-24,53.775,54.423,53.73,54.22,INTC
2021-09-27,53.94,54.87,53.82,54.66,INTC
2021-09-28,54.18,54.59,53.96,54.0,INTC
2021-09-29,54.0,54.05,53.18,53.49,INTC
2021-09-30,53.76,53.98,53.26,53.28,INTC
2021-10-01,53.645,54.105,53.05,53.86,INTC
2021-10-04,53.93,54.33,53.08,53.47,INTC
2021-10-05,53.55,54.34,53.475,53.95,INTC
2021-10-06,53.48,54.07,53.07,53.98,INTC
2021-10-07,54.319,54.985,54.12,54.18,INTC
2021-10-08,54.55,54.58,53.7,53.81,INTC
2021-10-11,53.81,54.41,53.42,53.44,INTC
2021-10-12,53.57,53.72,52.01,52.17,INTC
2021-10-13,52.38,52.5784,51.865,52.26,INTC
2021-10-14,52.895,54.0,52.73,53.9,INTC
2021-10-15,54.2,54.49,53.8095,54.46,INTC
2021-10-18,54.185,54.56,53.72,54.47,INTC
2021-10-19,54.6257,55.22,54.37,55.21,INTC
2021-10-20,55.25,55.485,55.08,55.37,INTC
2021-10-21,54.925,56.07,54.83,56.0,INTC
2021-10-22,50.39,50.55,49.14,49.46,INTC
2021-10-25,49.825,50.07,49.31,49.41,INTC
2021-10-26,49.4,49.44,47.93,48.28,INTC
2021-10-27,48.52,48.8155,47.87,47.89,INTC
2021-10-28,48.14,48.3599,47.88,48.08,INTC
2021-10-29,48.1,49.28,47.92,49.0,INTC
2021-11-01,49.4,49.6,49.0,49.55,INTC
2021-11-02,49.61,49.895,49.23,49.86,INTC
2021-11-03,49.9313,50.45,49.71,50.39,INTC
2021-11-04,50.24,50.35,49.73,50.31,INTC
2021-11-05,50.55,51.58,50.54,50.92,INTC
2021-11-08,51.46,51.99,51.06,51.55,INTC
2021-11-09,51.54,51.77,50.765,51.2,INTC
2021-11-10,50.975,51.3873,50.71,50.76,INTC
2021-11-11,51.01,51.07,50.41,50.53,INTC
2021-11-12,50.595,50.9,50.18,50.31,INTC
2021-11-15,50.41,50.63,50.12,50.32,INTC
2021-11-16,50.37,51.15,50.34,50.61,INTC
2021-11-17,50.6,50.9399,49.98,50.23,INTC
2021-11-18,50.24,50.24,48.97,49.68,INTC
2021-11-19,49.6,49.73,49.24,49.52,INTC
2021-09-13,138.4,138.99,137.51,138.15,IBM
2021-09-14,138.4,138.57,135.34,136.22,IBM
2021-09-15,136.22,137.8,135.67,137.2,IBM
2021-09-16,137.28,137.95,135.71,136.43,IBM
2021-09-17,135.75,135.9199,135.05,135.23,IBM
2021-09-20,133.9,135.18,132.78,134.31,IBM
2021-09-21,135.11,135.65,132.94,132.97,IBM
2021-09-22,133.72,135.37,133.47,134.63,IBM
2021-09-23,135.25,137.42,135.03,136.73,IBM
2021-09-24,137.03,138.48,136.75,137.49,IBM
2021-09-27,137.96,139.065,137.48,138.56,IBM
2021-09-28,139.17,139.688,137.21,137.47,IBM
2021-09-29,137.73,139.93,136.44,139.18,IBM
2021-09-30,140.0,140.57,138.5,138.93,IBM
2021-10-01,141.0,143.97,140.37,143.32,IBM
2021-10-04,142.74,146.0,142.3501,144.11,IBM
2021-10-05,144.75,145.0,142.64,143.15,IBM
2021-10-06,142.48,143.37,140.89,142.36,IBM
2021-10-07,142.73,143.395,141.53,141.81,IBM
2021-10-08,141.81,143.65,141.05,143.22,IBM
2021-10-11,143.5,144.08,142.4,142.43,IBM
2021-10-12,142.21,142.3,140.3,140.47,IBM
2021-10-13,140.52,141.41,139.66,140.76,IBM
2021-10-14,141.04,143.92,141.01,143.39,IBM
2021-10-15,143.39,144.85,142.79,144.61,IBM
2021-10-18,144.0,144.94,141.759,142.32,IBM
2021-10-19,141.08,142.94,140.5201,141.98,IBM
2021-10-20,141.68,142.2,140.7,141.9,IBM
2021-10-21,133.51,133.72,128.1,128.33,IBM
2021-10-22,128.05,130.25,126.611,127.88,IBM
2021-10-25,127.53,128.65,126.94,127.64,IBM
2021-10-26,127.52,128.3,126.755,127.13,IBM
2021-10-27,127.44,127.88,125.01,125.17,IBM
2021-10-28,125.17,126.31,124.62,125.84,IBM
2021-10-29,125.43,126.32,124.91,125.1,IBM
2021-11-01,125.05,126.31,123.8375,126.28,IBM
2021-11-02,126.3,127.17,124.91,126.18,IBM
2021-11-03,126.23,127.29,125.68,127.13,IBM
2021-11-04,123.05,123.34,119.9,120.85,IBM
2021-11-05,121.43,123.77,121.43,123.61,IBM
2021-11-08,123.985,124.78,123.53,124.54,IBM
2021-11-09,122.56,122.9,120.26,120.85,IBM
2021-11-10,121.0,122.43,119.932,120.22,IBM
2021-11-11,120.9,121.7894,120.08,120.27,IBM
2021-11-12,120.0,120.64,118.78,118.96,IBM
2021-11-15,119.54,120.16,118.31,118.87,IBM
2021-11-16,118.92,119.9,118.42,118.46,IBM
2021-11-17,118.38,119.33,117.78,118.06,IBM
2021-11-18,118.36,118.36,116.31,116.66,IBM
2021-11-19,116.49,116.56,115.27,116.05,IBM
2021-09-13,167.92,168.12,165.13,165.8,JNJ
2021-09-14,166.4,166.54,164.51,164.8,JNJ
2021-09-15,165.0,165.96,164.31,165.42,JNJ
2021-09-16,165.65,166.46,164.19,165.22,JNJ
2021-09-17,164.3,164.91,163.555,164.75,JNJ
2021-09-20,163.48,165.17,162.165,163.81,JNJ
2021-09-21,164.61,165.98,164.24,164.53,JNJ
2021-09-22,165.35,165.95,163.63,163.93,JNJ
2021-09-23,164.4,165.77,164.15,164.86,JNJ
2021-09-24,164.75,165.65,163.89,164.36,JNJ
2021-09-27,164.0,164.36,162.85,163.17,JNJ
2021-09-28,163.1,163.91,161.771,162.81,JNJ
2021-09-29,163.0,164.66,162.78,164.02,JNJ
2021-09-30,164.64,165.4,161.41,161.5,JNJ
2021-10-01,161.53,161.9,158.62,160.47,JNJ
2021-10-04,159.99,161.0,157.6737,159.22,JNJ
2021-10-05,159.86,161.11,159.15,159.58,JNJ
2021-10-06,159.87,159.95,157.84,159.91,JNJ
2021-10-07,160.02,162.61,160.02,161.34,JNJ
2021-10-08,161.32,161.61,160.25,160.93,JNJ
2021-10-11,160.86,161.855,159.94,160.25,JNJ
2021-10-12,160.0,160.18,157.34,157.69,JNJ
2021-10-13,157.82,160.08,157.75,159.2,JNJ
2021-10-14,159.71,161.14,159.6,160.11,JNJ
2021-10-15,161.03,161.81,160.41,161.3,JNJ
2021-10-18,160.25,160.89,159.2,160.12,JNJ
2021-10-19,160.9,165.15,160.725,163.87,JNJ
2021-10-20,163.98,164.75,163.26,163.78,JNJ
2021-10-21,164.3,164.39,162.28,163.4,JNJ
2021-10-22,163.06,164.06,162.96,163.72,JNJ
2021-10-25,163.72,164.31,161.71,164.08,JNJ
2021-10-26,164.56,166.03,164.05,165.75,JNJ
2021-10-27,165.68,165.76,163.305,163.74,JNJ
2021-10-28,163.77,165.2,162.32,162.85,JNJ
2021-10-29,162.35,163.25,160.61,162.88,JNJ
2021-11-01,163.16,163.98,159.4,163.02,JNJ
2021-11-02,163.7,166.9818,162.98,165.59,JNJ
2021-11-03,165.04,165.77,163.43,165.06,JNJ
2021-11-04,164.935,164.99,162.67,164.6,JNJ
2021-11-05,162.48,164.6,162.2,163.43,JNJ
2021-11-08,163.68,164.17,162.01,162.87,JNJ
2021-11-09,162.61,163.59,162.02,162.51,JNJ
2021-11-10,162.53,164.84,162.35,164.27,JNJ
2021-11-11,163.49,163.81,162.4921,163.06,JNJ
2021-11-12,167.43,167.62,164.61,165.01,JNJ
2021-11-15,165.0,165.46,163.2164,163.52,JNJ
2021-11-16,163.18,164.35,162.62,162.67,JNJ
2021-11-17,162.87,163.86,161.79,163.28,JNJ
2021-11-18,163.45,164.47,162.13,162.4,JNJ
2021-11-19,163.04,163.19,161.78,162.89,JNJ
2021-09-13,158.53,160.05,158.07,159.86,JPM
2021-09-14,160.45,161.34,156.26,157.07,JPM
2021-09-15,156.72,158.69,156.47,158.16,JPM
2021-09-16,159.41,160.855,157.22,158.09,JPM
2021-09-17,157.38,159.01,157.0,157.68,JPM
2021-09-20,153.89,154.56,150.49,152.96,JPM
2021-09-21,153.53,154.55,152.5774,152.98,JPM
2021-09-22,155.2,157.25,155.1,155.91,JPM
2021-09-23,158.0,161.71,157.67,161.18,JPM
2021-09-24,161.44,163.59,160.82,163.04,JPM
2021-09-27,165.0,167.4,164.61,166.98,JPM
2021-09-28,167.7,169.3,165.66,166.08,JPM
2021-09-29,166.21,166.9,165.04,165.95,JPM
2021-09-30,166.92,166.99,162.79,163.69,JPM
2021-10-01,164.0,168.3,163.6,167.13,JPM
2021-10-04,166.97,170.437,165.73,166.95,JPM
2021-10-05,167.21,170.14,166.67,168.66,JPM
2021-10-06,167.99,169.1,166.0,169.02,JPM
2021-10-07,171.2,171.51,169.54,170.09,JPM
2021-10-08,170.02,171.34,169.295,170.22,JPM
2021-10-11,170.8,171.29,166.46,166.64,JPM
2021-10-12,165.75,166.6898,164.77,165.36,JPM
2021-10-13,164.07,165.41,160.6,161.0,JPM
2021-10-14,161.75,164.01,160.06,163.47,JPM
2021-10-15,165.35,167.17,164.14,166.61,JPM
2021-10-18,166.48,168.6084,165.91,166.55,JPM
2021-10-19,167.4,168.65,166.58,168.57,JPM
2021-10-20,168.3,170.87,167.46,170.84,JPM
2021-10-21,170.755,171.3293,168.68,169.5,JPM
2021-10-22,170.03,172.09,169.7,171.78,JPM
2021-10-25,172.71,172.96,170.48,170.94,JPM
2021-10-26,171.0,172.4902,170.54,171.4,JPM
2021-10-27,170.32,170.7,167.34,167.83,JPM
2021-10-28,168.3,170.51,167.96,170.36,JPM
2021-10-29,171.18,172.24,169.39,169.89,JPM
2021-11-01,172.04,172.33,169.005,169.8,JPM
2021-11-02,169.8,171.69,168.92,170.47,JPM
2021-11-03,170.13,171.13,169.15,170.53,JPM
2021-11-04,170.0,170.2,166.4901,168.29,JPM
2021-11-05,168.9,170.09,167.41,168.05,JPM
2021-11-08,169.05,170.92,168.74,169.06,JPM
2021-11-09,167.35,168.47,166.595,167.78,JPM
2021-11-10,167.45,168.95,167.09,167.62,JPM
2021-11-11,167.52,168.68,166.9,167.61,JPM
2021-11-12,167.65,167.74,165.72,166.86,JPM
2021-11-15,167.21,167.785,166.0,166.56,JPM
2021-11-16,167.06,167.07,165.12,165.36,JPM
2021-11-17,165.21,165.56,163.39,164.47,JPM
2021-11-18,164.39,164.85,162.56,163.05,JPM
2021-11-19,161.3,162.11,159.45,160.92,JPM
2021-09-13,240.83,241.8,239.84,241.21,MCD
2021-09-14,241.73,242.25,239.5,241.13,MCD
2021-09-15,240.47,241.27,238.18,240.98,MCD
2021-09-16,240.29,243.59,239.95,243.21,MCD
2021-09-17,243.84,244.63,241.88,242.49,MCD
2021-09-20,239.88,241.96,236.64,239.09,MCD
2021-09-21,240.0,242.35,239.4,240.5,MCD
2021-09-22,241.8,245.86,241.465,243.13,MCD
2021-09-23,243.74,245.95,243.53,244.78,MCD
2021-09-24,246.64,247.38,245.24,246.42,MCD
2021-09-27,246.0,248.9,245.275,248.11,MCD
2021-09-28,247.29,247.71,242.91,243.77,MCD
2021-09-29,244.38,245.71,243.15,244.28,MCD
2021-09-30,244.77,245.4208,240.82,241.11,MCD
2021-10-01,243.07,244.69,240.25,242.93,MCD
2021-10-04,242.06,244.81,241.86,243.08,MCD
2021-10-05,243.97,246.88,243.01,245.22,MCD
2021-10-06,244.56,247.16,243.02,247.1,MCD
2021-10-07,248.0,249.95,247.68,248.32,MCD
2021-10-08,249.25,249.63,247.11,247.7,MCD
2021-10-11,248.1,249.14,246.45,246.58,MCD
2021-10-12,247.73,248.6,244.175,244.52,MCD
2021-10-13,243.27,243.872,239.9,242.65,MCD
2021-10-14,242.88,245.42,242.04,244.55,MCD
2021-10-15,245.24,246.38,241.99,242.25,MCD
2021-10-18,242.42,243.45,241.13,242.26,MCD
2021-10-19,243.22,243.93,241.53,242.77,MCD
2021-10-20,240.4,242.645,239.285,239.72,MCD
2021-10-21,240.17,241.9096,239.31,241.4,MCD
2021-10-22,240.71,242.24,238.0,238.44,MCD
2021-10-25,239.23,239.25,236.5,237.34,MCD
2021-10-26,237.47,238.4,236.14,236.42,MCD
2021-10-27,241.05,244.62,238.85,242.73,MCD
2021-10-28,243.4,246.08,242.53,245.5,MCD
2021-10-29,243.0,246.09,242.47,245.55,MCD
2021-11-01,245.8,251.69,245.34,250.58,MCD
2021-11-02,251.76,252.22,248.1646,249.24,MCD
2021-11-03,247.99,251.125,247.91,250.4,MCD
2021-11-04,251.12,254.18,250.2,253.46,MCD
2021-11-05,254.69,257.53,254.62,254.71,MCD
2021-11-08,254.78,255.65,251.93,253.1,MCD
2021-11-09,252.91,253.69,250.45,252.65,MCD
2021-11-10,250.81,253.72,250.81,253.13,MCD
2021-11-11,253.33,253.33,249.26,250.16,MCD
2021-11-12,250.15,251.01,248.89,250.67,MCD
2021-11-15,250.67,253.76,250.67,252.94,MCD
2021-11-16,253.5,254.19,252.38,252.46,MCD
2021-11-17,252.41,253.335,250.52,252.69,MCD
2021-11-18,253.16,253.49,251.08,253.48,MCD
2021-11-19,253.29,253.32,250.225,251.95,MCD
2021-09-13,73.77,73.83,72.865,73.18,MRK
2021-09-14,73.05,73.14,72.06,72.11,MRK
2021-09-15,72.075,73.15,71.88,72.81,MRK
2021-09-16,73.02,73.02,71.69,71.97,MRK
2021-09-17,71.19,72.0,70.89,71.68,MRK
2021-09-20,71.16,72.615,71.12,71.93,MRK
2021-09-21,72.48,72.68,71.77,71.97,MRK
2021-09-22,72.33,72.4106,71.86,72.04,MRK
2021-09-23,72.68,74.04,72.57,73.05,MRK
2021-09-24,73.59,74.63,73.35,73.61,MRK
2021-09-27,73.51,74.2661,73.34,73.36,MRK
2021-09-28,73.55,73.82,72.66,73.32,MRK
2021-09-29,73.61,75.7,73.575,75.09,MRK
2021-09-30,75.58,76.65,75.1,75.11,MRK
2021-10-01,81.56,84.34,80.63,81.4,MRK
2021-10-04,84.17,84.56,82.42,83.1,MRK
2021-10-05,82.78,83.39,81.3,81.6,MRK
2021-10-06,81.5,81.68,80.15,80.66,MRK
2021-10-07,81.54,82.6699,81.03,81.94,MRK
2021-10-08,81.67,81.8,80.525,80.63,MRK
2021-10-11,81.635,81.635,79.87,79.93,MRK
2021-10-12,80.18,80.18,79.245,79.59,MRK
2021-10-13,79.59,79.6605,78.78,78.95,MRK
2021-10-14,78.97,79.67,77.98,78.33,MRK
2021-10-15,78.2,79.06,77.98,78.33,MRK
2021-10-18,78.74,78.74,77.11,77.15,MRK
2021-10-19,78.73,79.52,78.11,79.49,MRK
2021-10-20,79.32,81.25,79.31,81.07,MRK
2021-10-21,81.11,81.261,80.28,81.17,MRK
2021-10-22,81.15,81.48,80.88,81.15,MRK
2021-10-25,81.03,81.725,79.95,81.66,MRK
2021-10-26,81.9,82.36,81.71,82.25,MRK
2021-10-27,82.48,82.48,81.3,81.54,MRK
2021-10-28,83.38,86.855,83.165,86.55,MRK
2021-10-29,86.485,88.46,86.17,88.05,MRK
2021-11-01,88.05,88.63,87.29,87.84,MRK
2021-11-02,88.225,90.42,87.4842,89.02,MRK
2021-11-03,88.77,89.4198,88.209,88.68,MRK
2021-11-04,90.37,91.4,89.27,90.54,MRK
2021-11-05,82.29,84.0,81.35,81.61,MRK
2021-11-08,80.41,82.88,79.881,82.68,MRK
2021-11-09,83.62,83.71,81.91,82.72,MRK
2021-11-10,83.31,84.02,82.7,84.01,MRK
2021-11-11,83.92,84.26,83.53,84.02,MRK
2021-11-12,83.84,84.195,83.0526,84.0,MRK
2021-11-15,84.15,84.18,83.4038,83.69,MRK
2021-11-16,83.67,84.69,83.248,84.11,MRK
2021-11-17,84.37,84.67,82.59,82.6,MRK
2021-11-18,82.3,83.135,82.02,83.05,MRK
2021-11-19,82.37,82.75,80.62,80.7,MRK
2021-09-13,297.55,298.54,294.08,296.99,MSFT
2021-09-14,299.56,301.39,298.1,299.79,MSFT
2021-09-15,303.26,305.32,301.82,304.82,MSFT
2021-09-16,303.76,305.31,300.76,305.22,MSFT
2021-09-17,304.17,304.5,299.53,299.87,MSFT
2021-09-20,296.33,298.72,289.52,294.3,MSFT
2021-09-21,295.69,297.54,294.07,294.8,MSFT
2021-09-22,296.725,300.22,294.51,298.58,MSFT
2021-09-23,298.845,300.9,297.5339,299.56,MSFT
2021-09-24,298.23,299.8,296.93,299.35,MSFT
2021-09-27,296.14,296.47,292.9449,294.17,MSFT
2021-09-28,289.795,290.78,282.75,283.52,MSFT
2021-09-29,285.1,286.77,283.01,284.0,MSFT
2021-09-30,285.71,287.83,281.62,281.92,MSFT
2021-10-01,282.1217,289.98,281.29,289.1,MSFT
2021-10-04,287.4,287.75,280.25,283.11,MSFT
2021-10-05,284.0464,290.398,284.0464,288.76,MSFT
2021-10-06,285.78,293.63,285.5093,293.11,MSFT
2021-10-07,295.175,296.64,293.92,294.85,MSFT
2021-10-08,296.219,296.6409,293.76,294.85,MSFT
2021-10-11,292.92,297.97,292.745,294.23,MSFT
2021-10-12,295.34,295.44,292.35,292.88,MSFT
2021-10-13,294.91,297.28,293.49,296.31,MSFT
2021-10-14,299.21,303.27,297.83,302.75,MSFT
2021-10-15,302.34,304.45,300.5191,304.21,MSFT
2021-10-18,303.57,308.21,302.69,307.29,MSFT
2021-10-19,308.348,309.3,307.22,308.23,MSFT
2021-10-20,309.21,309.7,306.11,307.41,MSFT
2021-10-21,307.1702,311.02,306.36,310.76,MSFT
2021-10-22,310.4,311.09,307.8,309.16,MSFT
2021-10-25,309.36,309.4,306.46,308.13,MSFT
2021-10-26,311.0,312.395,308.5967,310.11,MSFT
2021-10-27,316.0,326.0973,316.0,323.17,MSFT
2021-10-28,324.325,324.87,321.3601,324.35,MSFT
2021-10-29,324.13,332.0,323.9,331.62,MSFT
2021-11-01,331.355,331.49,326.37,329.37,MSFT
2021-11-02,330.31,333.45,330.0,333.13,MSFT
2021-11-03,333.9,334.9,330.65,334.0,MSFT
2021-11-04,332.89,336.54,329.51,336.44,MSFT
2021-11-05,338.51,338.79,334.4217,336.06,MSFT
2021-11-08,337.3,337.65,334.44,336.99,MSFT
2021-11-09,337.1071,338.72,334.53,335.95,MSFT
2021-11-10,334.57,334.6303,329.92,330.8,MSFT
2021-11-11,331.25,333.7746,330.51,332.43,MSFT
2021-11-12,333.92,337.23,333.79,336.72,MSFT
2021-11-15,337.54,337.88,334.034,336.07,MSFT
2021-11-16,335.68,340.67,335.51,339.51,MSFT
2021-11-17,338.94,342.19,338.0,339.12,MSFT
2021-11-18,338.18,342.45,337.12,341.27,MSFT
2021-11-19,342.64,345.1,342.2,343.11,MSFT
2021-09-13,161.5598,162.92,158.33,159.52,NKE
2021-09-14,159.17,159.39,157.07,158.76,NKE
2021-09-15,157.5,158.32,155.67,157.91,NKE
2021-09-16,157.59,159.01,157.2,157.6,NKE
2021-09-17,157.96,161.0,156.065,156.42,NKE
2021-09-20,153.73,155.27,152.32,154.25,NKE
2021-09-21,155.09,156.13,153.58,155.02,NKE
2021-09-22,156.79,157.9999,155.6001,157.44,NKE
2021-09-23,158.71,160.29,158.27,159.58,NKE
2021-09-24,151.04,151.85,148.0,149.59,NKE
2021-09-27,149.51,149.91,147.29,148.04,NKE
2021-09-28,147.34,147.53,145.0,145.3,NKE
2021-09-29,145.71,147.938,145.69,146.02,NKE
2021-09-30,145.88,147.48,144.42,145.23,NKE
2021-10-01,145.22,148.0,144.37,147.06,NKE
2021-10-04,147.06,147.62,145.76,147.14,NKE
2021-10-05,148.0,151.0,147.8218,149.46,NKE
2021-10-06,148.0,149.46,147.51,148.8,NKE
2021-10-07,150.3,153.66,150.26,151.85,NKE
2021-10-08,152.22,152.87,150.67,152.48,NKE
2021-10-11,151.99,153.59,150.055,150.28,NKE
2021-10-12,152.42,153.6,151.3,153.35,NKE
2021-10-13,154.32,156.67,153.16,156.3,NKE
2021-10-14,158.18,158.46,156.25,157.14,NKE
2021-10-15,157.8,158.33,156.56,158.01,NKE
2021-10-18,157.31,159.47,155.95,159.43,NKE
2021-10-19,159.68,159.93,156.8,157.82,NKE
2021-10-20,158.5,158.8,157.325,158.45,NKE
2021-10-21,158.45,162.34,158.28,162.18,NKE
2021-10-22,162.28,164.62,162.28,163.48,NKE
2021-10-25,163.23,164.73,162.66,164.22,NKE
2021-10-26,164.82,165.45,163.12,163.79,NKE
2021-10-27,163.65,164.06,161.66,162.35,NKE
2021-10-28,163.01,164.6,162.81,164.46,NKE
2021-10-29,163.06,167.63,163.0,167.29,NKE
2021-11-01,167.8,168.8,165.89,166.33,NKE
2021-11-02,166.76,168.16,166.11,167.83,NKE
2021-11-03,169.0,172.87,168.65,172.5,NKE
2021-11-04,172.21,175.63,172.0,175.44,NKE
2021-11-05,175.73,179.1,175.495,177.51,NKE
2021-11-08,176.35,176.535,170.36,171.85,NKE
2021-11-09,171.25,173.925,170.9506,173.82,NKE
2021-11-10,171.23,172.17,167.55,168.26,NKE
2021-11-11,169.6,169.6,166.63,166.97,NKE
2021-11-12,167.5,169.675,167.4,169.09,NKE
2021-11-15,169.7,170.358,168.52,168.85,NKE
2021-11-16,169.25,174.0,169.25,171.83,NKE
2021-11-17,171.6,172.74,170.25,171.74,NKE
2021-11-18,172.33,173.4628,170.36,171.35,NKE
2021-11-19,172.15,177.2,170.53,174.88,NKE
2021-09-13,45.74,45.83,44.2,44.58,PFE
2021-09-14,44.67,45.26,44.545,44.71,PFE
2021-09-15,44.56,45.365,44.47,44.77,PFE
2021-09-16,44.88,44.99,44.03,44.47,PFE
2021-09-17,44.17,44.46,43.31,43.89,PFE
2021-09-20,43.39,44.65,43.39,44.2,PFE
2021-09-21,44.25,44.73,43.85,43.92,PFE
2021-09-22,43.99,44.39,43.83,43.95,PFE
2021-09-23,44.28,44.719,44.15,44.19,PFE
2021-09-24,44.07,44.41,43.81,43.94,PFE
2021-09-27,43.92,44.13,43.51,43.57,PFE
2021-09-28,43.07,43.28,42.43,43.04,PFE
2021-09-29,43.22,43.69,43.08,43.53,PFE
2021-09-30,43.79,44.05,42.97,43.01,PFE
2021-10-01,42.52,43.095,41.7,42.93,PFE
2021-10-04,42.93,43.345,42.21,42.42,PFE
2021-10-05,42.53,42.79,42.28,42.32,PFE
2021-10-06,42.06,42.2,41.69,42.02,PFE
2021-10-07,42.52,42.96,42.21,42.74,PFE
2021-10-08,42.73,42.905,42.34,42.45,PFE
2021-10-11,42.45,42.62,42.01,42.06,PFE
2021-10-12,42.16,42.21,41.66,41.85,PFE
2021-10-13,41.75,41.91,40.94,41.42,PFE
2021-10-14,41.56,41.9565,41.515,41.67,PFE
2021-10-15,41.9,42.03,41.38,41.49,PFE
2021-10-18,41.45,41.7,41.04,41.32,PFE
2021-10-19,41.6,42.2,41.5418,42.09,PFE
2021-10-20,42.12,43.11,42.1,42.8,PFE
2021-10-21,43.055,43.09,42.43,42.86,PFE
2021-10-22,42.82,43.19,42.63,43.16,PFE
2021-10-25,43.2,43.24,42.57,43.15,PFE
2021-10-26,43.33,43.76,42.92,43.56,PFE
2021-10-27,43.46,43.5599,42.68,42.97,PFE
2021-10-28,42.95,43.67,42.94,43.18,PFE
2021-10-29,43.09,43.83,42.855,43.74,PFE
2021-11-01,44.14,44.29,43.44,43.64,PFE
2021-11-02,45.075,46.04,43.05,45.45,PFE
2021-11-03,45.52,45.99,44.48,44.82,PFE
2021-11-04,44.29,44.47,43.305,43.85,PFE
2021-11-05,48.09,48.8099,46.55,48.61,PFE
2021-11-08,48.61,48.785,47.6,48.33,PFE
2021-11-09,48.33,48.38,47.15,47.3,PFE
2021-11-10,47.4,49.21,47.4,49.02,PFE
2021-11-11,49.23,50.5,48.733,50.18,PFE
2021-11-12,50.42,50.49,49.57,49.73,PFE
2021-11-15,49.73,50.1,49.37,49.65,PFE
2021-11-16,49.47,50.16,48.89,49.6,PFE
2021-11-17,49.94,51.09,49.685,50.87,PFE
2021-11-18,51.1,51.71,50.61,51.41,PFE
2021-11-19,51.96,52.835,50.68,50.8,PFE
2021-09-13,144.85,147.23,144.85,145.68,PG
2021-09-14,146.13,146.36,144.95,145.43,PG
2021-09-15,145.35,145.77,144.74,145.12,PG
2021-09-16,144.84,145.19,142.82,144.11,PG
2021-09-17,144.37,146.28,144.23,144.34,PG
2021-09-20,144.22,144.85,141.97,142.89,PG
2021-09-21,142.98,144.525,142.88,143.11,PG
2021-09-22,143.82,144.35,142.86,143.6,PG
2021-09-23,144.06,144.685,143.49,144.19,PG
2021-09-24,143.8,144.45,143.09,143.55,PG
2021-09-27,143.15,143.17,141.52,141.66,PG
2021-09-28,141.05,141.37,139.56,140.59,PG
2021-09-29,140.27,142.68,140.18,142.02,PG
2021-09-30,142.64,142.74,139.53,139.8,PG
2021-10-01,139.93,140.23,138.32,139.58,PG
2021-10-04,139.39,140.4,137.605,138.79,PG
2021-10-05,138.8,140.52,138.72,139.33,PG
2021-10-06,138.99,141.26,138.62,141.19,PG
2021-10-07,141.75,143.03,141.75,142.32,PG
2021-10-08,142.29,142.62,141.04,141.73,PG
2021-10-11,142.37,142.77,141.77,142.32,PG
2021-10-12,142.6,143.04,141.7,142.11,PG
2021-10-13,142.4,142.76,141.025,142.44,PG
2021-10-14,142.83,144.31,142.81,144.05,PG
2021-10-15,144.52,144.87,143.675,144.42,PG
2021-10-18,143.55,143.7,142.095,142.34,PG
2021-10-19,139.08,140.82,138.8,140.66,PG
2021-10-20,140.15,141.96,139.85,141.21,PG
2021-10-21,140.86,141.16,139.18,139.33,PG
2021-10-22,139.39,141.01,139.32,140.83,PG
2021-10-25,140.41,140.92,139.05,140.85,PG
2021-10-26,141.62,143.18,141.24,142.85,PG
2021-10-27,143.14,143.68,141.69,141.83,PG
2021-10-28,141.89,142.88,141.71,142.68,PG
2021-10-29,142.16,143.48,142.02,142.99,PG
2021-11-01,143.36,143.8,142.49,142.64,PG
2021-11-02,142.72,144.58,142.28,144.06,PG
2021-11-03,144.13,145.11,143.52,145.05,PG
2021-11-04,142.84,145.39,142.335,145.32,PG
2021-11-05,145.44,146.37,144.8,146.04,PG
2021-11-08,145.5,146.1,144.02,144.95,PG
2021-11-09,145.03,145.83,144.58,145.39,PG
2021-11-10,145.74,147.31,145.59,146.82,PG
2021-11-11,146.86,146.97,146.21,146.4,PG
2021-11-12,146.74,147.08,145.98,146.56,PG
2021-11-15,147.03,147.75,146.47,147.4,PG
2021-11-16,147.39,148.59,147.01,147.19,PG
2021-11-17,146.97,147.78,146.42,147.1,PG
2021-11-18,147.04,148.0751,146.51,147.12,PG
2021-11-19,147.95,148.23,146.79,146.82,PG
2021-09-13,156.98,159.03,156.07,158.9,TRV
2021-09-14,159.19,159.32,155.89,156.35,TRV
2021-09-15,156.78,157.82,155.705,157.58,TRV
2021-09-16,157.56,158.02,155.5,156.67,TRV
2021-09-17,156.59,157.84,155.65,156.29,TRV
2021-09-20,153.2,154.07,150.59,152.66,TRV
2021-09-21,153.19,154.22,151.681,152.97,TRV
2021-09-22,154.1,155.58,153.28,154.38,TRV
2021-09-23,155.57,157.365,155.46,156.02,TRV
2021-09-24,155.97,156.78,155.48,156.46,TRV
2021-09-27,157.69,158.15,156.17,156.29,TRV
2021-09-28,156.36,157.1173,153.18,153.49,TRV
2021-09-29,152.87,155.625,152.29,154.88,TRV
2021-09-30,155.52,156.35,151.98,152.01,TRV
2021-10-01,152.41,153.85,150.29,152.42,TRV
2021-10-04,151.31,153.65,150.255,151.38,TRV
2021-10-05,152.82,154.18,150.84,153.6,TRV
2021-10-06,152.7,155.15,150.5,155.09,TRV
2021-10-07,156.67,158.155,155.98,157.24,TRV
2021-10-08,157.35,158.45,156.37,157.33,TRV
2021-10-11,157.3,158.74,156.18,156.23,TRV
2021-10-12,156.12,158.09,155.52,156.48,TRV
2021-10-13,156.35,156.735,153.56,156.39,TRV
2021-10-14,156.64,157.83,156.07,156.69,TRV
2021-10-15,157.16,158.46,155.56,155.64,TRV
2021-10-18,154.42,154.695,152.16,152.88,TRV
2021-10-19,156.21,158.27,154.89,155.39,TRV
2021-10-20,155.81,159.5,155.66,158.69,TRV
2021-10-21,158.165,160.72,158.165,160.19,TRV
2021-10-22,160.89,163.155,160.8,162.37,TRV
2021-10-25,162.0,162.455,160.865,161.58,TRV
2021-10-26,161.77,162.42,160.36,160.43,TRV
2021-10-27,160.74,162.11,159.73,159.78,TRV
2021-10-28,160.22,162.45,160.06,161.57,TRV
2021-10-29,162.13,162.44,160.66,160.88,TRV
2021-11-01,161.25,162.37,159.065,160.11,TRV
2021-11-02,161.14,161.69,158.75,158.82,TRV
2021-11-03,158.22,161.25,158.22,160.25,TRV
2021-11-04,160.25,160.37,156.12,156.5,TRV
2021-11-05,157.74,160.434,156.93,159.6,TRV
2021-11-08,160.21,160.88,158.61,158.7,TRV
2021-11-09,158.12,159.0,157.27,157.4,TRV
2021-11-10,157.68,160.58,157.33,158.22,TRV
2021-11-11,157.7,158.295,157.24,157.83,TRV
2021-11-12,157.98,158.445,156.94,157.42,TRV
2021-11-15,158.01,159.09,157.38,158.06,TRV
2021-11-16,158.64,160.32,158.455,158.99,TRV
2021-11-17,158.55,158.55,156.16,156.42,TRV
2021-11-18,156.8,157.81,155.94,156.03,TRV
2021-11-19,155.21,155.37,152.47,152.53,TRV
2021-09-13,407.98,416.81,406.45,414.52,UNH
2021-09-14,417.59,417.59,411.365,412.54,UNH
2021-09-15,412.52,421.42,409.5,417.52,UNH
2021-09-16,419.67,423.4,414.9616,416.84,UNH
2021-09-17,414.97,421.09,414.97,420.16,UNH
2021-09-20,416.92,419.2974,408.72,412.7,UNH
2021-09-21,415.01,418.78,412.21,412.34,UNH
2021-09-22,404.94,412.0,404.94,408.7,UNH
2021-09-23,409.8,414.85,407.51,408.03,UNH
2021-09-24,406.94,407.89,405.23,407.08,UNH
2021-09-27,407.83,412.15,404.96,405.27,UNH
2021-09-28,402.6,404.0,397.02,398.62,UNH
2021-09-29,397.0,401.85,395.8,400.41,UNH
2021-09-30,401.49,403.49,390.46,390.74,UNH
2021-10-01,391.6,393.69,383.12,392.43,UNH
2021-10-04,391.62,395.15,384.76,387.01,UNH
2021-10-05,389.34,396.01,389.24,393.43,UNH
2021-10-06,390.75,394.775,385.84,394.25,UNH
2021-10-07,396.76,408.17,396.71,404.7,UNH
2021-10-08,406.41,409.12,402.64,408.46,UNH
2021-10-11,408.0,411.215,404.21,404.99,UNH
2021-10-12,405.11,408.38,402.31,403.24,UNH
2021-10-13,403.34,405.31,398.11,403.55,UNH
2021-10-14,425.66,433.5,417.8,420.36,UNH
2021-10-15,422.05,430.49,421.5,428.07,UNH
2021-10-18,428.0,428.0,423.84,424.62,UNH
2021-10-19,426.83,427.82,423.4,424.38,UNH
2021-10-20,427.0,435.53,426.84,435.09,UNH
2021-10-21,435.5,442.5,435.08,442.28,UNH
2021-10-22,440.84,449.29,440.46,449.16,UNH
2021-10-25,450.0,452.635,446.44,449.49,UNH
2021-10-26,450.49,457.71,447.59,454.64,UNH
2021-10-27,454.64,460.44,453.48,453.48,UNH
2021-10-28,453.0,457.9,452.52,455.44,UNH
2021-10-29,454.41,461.39,453.06,460.47,UNH
2021-11-01,461.82,465.76,451.1765,454.11,UNH
2021-11-02,456.26,456.44,450.38,452.04,UNH
2021-11-03,450.42,457.52,447.04,457.33,UNH
2021-11-04,457.6,458.51,452.16,456.76,UNH
2021-11-05,457.83,461.52,454.575,455.81,UNH
2021-11-08,456.85,464.19,454.31,462.62,UNH
2021-11-09,462.62,464.47,460.29,464.35,UNH
2021-11-10,465.39,466.0,456.625,459.9,UNH
2021-11-11,460.0,460.85,455.44,457.39,UNH
2021-11-12,460.67,460.999,457.08,458.99,UNH
2021-11-15,458.0,458.205,450.5,450.8,UNH
2021-11-16,452.99,458.35,449.37,449.62,UNH
2021-11-17,450.39,453.96,448.73,448.95,UNH
2021-11-18,448.73,452.81,447.11,449.47,UNH
2021-11-19,448.13,449.445,439.5,440.0,UNH
2021-09-13,54.4,54.9761,54.4,54.62,UTX
2021-09-14,54.65,54.77,54.28,54.41,UTX
2021-09-15,54.31,54.6557,54.31,54.57,UTX
2021-09-16,54.62,54.79,54.35,54.43,UTX
2021-09-17,54.14,54.46,54.06,54.28,UTX
2021-09-20,54.06,54.58,54.01,54.26,UTX
2021-09-21,54.29,54.64,54.01,54.03,UTX
2021-09-22,54.14,54.39,54.02,54.06,UTX
2021-09-23,54.2,54.61,54.01,54.42,UTX
2021-09-24,54.36,54.57,54.245,54.37,UTX
2021-09-27,54.45,54.65,54.38,54.47,UTX
2021-09-28,54.45,54.69,54.03,54.16,UTX
2021-09-29,54.09,54.655,54.09,54.38,UTX
2021-09-30,54.5,54.51,54.0,54.01,UTX
2021-10-01,54.02,54.56,53.92,54.3,UTX
2021-10-04,54.45,54.8463,54.275,54.5,UTX
2021-10-05,54.64,54.8066,54.32,54.51,UTX
2021-10-06,54.34,54.59,54.01,54.53,UTX
2021-10-07,54.04,54.35,53.825,53.9,UTX
2021-10-08,53.87,53.97,53.22,53.24,UTX
2021-10-11,53.26,53.29,51.98,52.18,UTX
2021-10-12,52.18,52.18,51.11,51.33,UTX
2021-10-13,51.21,51.41,50.86,51.35,UTX
2021-10-14,51.27,51.985,51.16,51.92,UTX
2021-10-15,52.08,52.81,52.015,52.27,UTX
2021-10-18,52.16,52.32,51.64,51.91,UTX
2021-10-19,52.0,52.42,51.92,52.35,UTX
2021-10-20,52.785,53.74,52.72,53.61,UTX
2021-10-21,53.77,53.926,53.07,53.39,UTX
2021-10-22,53.42,53.42,52.88,52.93,UTX
2021-10-25,52.97,53.1,52.46,52.58,UTX
2021-10-26,52.7,53.17,52.56,53.08,UTX
2021-10-27,53.17,53.2,52.47,52.63,UTX
2021-10-28,52.75,53.15,52.62,52.8,UTX
2021-10-29,52.5,53.05,52.41,52.99,UTX
2021-11-01,53.24,53.37,52.87,52.95,UTX
2021-11-02,53.05,53.09,52.505,52.57,UTX
2021-11-03,52.59,53.07,52.52,52.94,UTX
2021-11-04,52.91,52.91,51.2,51.85,UTX
2021-11-05,52.02,52.8,52.02,52.24,UTX
2021-11-08,52.3,52.415,51.91,52.33,UTX
2021-11-09,52.3,52.37,51.99,52.24,UTX
2021-11-10,52.42,52.755,52.21,52.6,UTX
2021-11-11,52.74,52.74,52.36,52.45,UTX
2021-11-12,52.51,52.52,52.29,52.34,UTX
2021-11-15,52.44,52.54,52.07,52.4,UTX
2021-11-16,52.51,52.62,52.04,52.06,UTX
2021-11-17,52.01,52.06,51.61,51.73,UTX
2021-11-18,51.5,51.645,51.125,51.24,UTX
2021-11-19,51.28,51.315,50.67,50.86,UTX
2021-09-13,225.53,227.2,223.411,224.63,VZ
2021-09-14,225.0,225.81,222.279,223.03,VZ
2021-09-15,222.52,224.835,221.36,223.81,VZ
2021-09-16,223.86,225.2,222.75,224.33,VZ
2021-09-17,222.45,223.7,219.3,221.75,VZ
2021-09-20,216.96,220.5,216.31,220.05,VZ
2021-09-21,220.75,222.17,218.98,220.17,VZ
2021-09-22,221.4,224.1,221.1,222.75,VZ
2021-09-23,225.0,228.7,224.36,228.31,VZ
2021-09-24,228.93,231.95,228.62,231.59,VZ
2021-09-27,231.72,233.33,228.77,229.6,VZ
2021-09-28,228.87,228.87,224.0,225.56,VZ
2021-09-29,226.8,229.02,226.09,226.68,VZ
2021-09-30,227.58,228.7855,222.63,222.75,VZ
2021-10-01,224.17,231.56,223.47,230.46,VZ
2021-10-04,230.0,230.33,220.81,224.73,VZ
2021-10-05,225.48,227.38,223.92,224.28,VZ
2021-10-06,222.04,226.62,221.25,226.51,VZ
2021-10-07,228.91,231.16,228.49,230.55,VZ
2021-10-08,231.0,232.7335,230.18,230.27,VZ
2021-10-11,230.01,230.315,224.87,225.11,VZ
2021-10-12,225.56,226.22,222.92,224.05,VZ
2021-10-13,223.13,225.86,218.63,222.46,VZ
2021-10-14,224.12,225.65,223.06,225.18,VZ
2021-10-15,227.22,231.09,226.73,230.99,VZ
2021-10-18,230.18,232.76,228.143,230.65,VZ
2021-10-19,231.95,233.64,230.68,233.52,VZ
2021-10-20,233.455,233.8,231.31,231.42,VZ
2021-10-21,230.7,230.83,226.3,230.24,VZ
2021-10-22,230.29,232.82,228.71,231.23,VZ
2021-10-25,233.45,234.86,232.29,233.88,VZ
2021-10-26,235.53,236.96,231.33,231.82,VZ
2021-10-27,224.75,224.75,215.66,215.78,VZ
2021-10-28,219.25,219.99,209.01,209.84,VZ
2021-10-29,209.21,213.665,208.54,211.77,VZ
2021-11-01,213.49,215.25,211.45,212.46,VZ
2021-11-02,213.16,213.35,207.82,209.14,VZ
2021-11-03,209.69,210.15,206.73,208.1,VZ
2021-11-04,209.16,212.3593,207.87,208.78,VZ
2021-11-05,211.95,217.625,211.36,216.67,VZ
2021-11-08,218.37,221.61,218.15,220.49,VZ
2021-11-09,219.69,220.41,212.915,213.39,VZ
2021-11-10,213.55,216.95,213.33,215.56,VZ
2021-11-11,216.47,216.78,210.16,210.42,VZ
2021-11-12,211.5,213.58,211.434,212.09,VZ
2021-11-15,213.62,216.4,211.81,212.3,VZ
2021-11-16,212.16,215.65,211.66,215.18,VZ
2021-11-17,205.95,207.31,199.46,205.06,VZ
2021-11-18,206.5,207.87,201.27,203.33,VZ
2021-11-19,202.04,203.5,199.85,200.86,VZ
2021-09-13,146.52,147.15,144.636,145.06,V
2021-09-14,145.48,145.88,143.92,144.3,V
2021-09-15,144.07,144.75,143.79,144.55,V
2021-09-16,144.44,145.3081,143.6901,145.03,V
2021-09-17,144.14,146.16,144.02,144.73,V
2021-09-20,143.5,145.185,141.62,142.74,V
2021-09-21,142.7,144.58,142.67,143.02,V
2021-09-22,143.47,143.6,142.29,142.69,V
2021-09-23,143.22,143.63,142.45,142.77,V
2021-09-24,142.5,143.69,142.49,143.17,V
2021-09-27,142.87,143.55,141.84,142.25,V
2021-09-28,141.88,142.0748,139.99,140.5,V
2021-09-29,140.65,141.83,140.32,140.44,V
2021-09-30,140.64,141.73,139.25,139.38,V
2021-10-01,139.26,139.63,135.9201,137.05,V
2021-10-04,137.09,138.23,134.705,135.73,V
2021-10-05,135.95,137.71,135.9,136.62,V
2021-10-06,136.24,137.79,136.13,137.62,V
2021-10-07,138.78,140.7,138.76,139.24,V
2021-10-08,139.66,140.09,139.01,139.66,V
2021-10-11,139.52,140.78,139.44,139.53,V
2021-10-12,139.34,140.41,139.075,139.38,V
2021-10-13,139.5,140.01,138.13,138.37,V
2021-10-14,138.5,140.075,138.5,139.87,V
2021-10-15,140.62,141.095,139.96,140.55,V
2021-10-18,140.0,142.005,139.83,141.68,V
2021-10-19,144.63,145.61,143.66,144.69,V
2021-10-20,144.89,146.49,144.89,146.0,V
2021-10-21,146.58,146.915,145.81,146.81,V
2021-10-22,147.1,149.69,147.1,148.34,V
2021-10-25,148.78,150.52,148.01,150.06,V
2021-10-26,150.0,150.55,148.46,148.75,V
2021-10-27,148.96,149.02,147.39,147.53,V
2021-10-28,148.34,148.98,147.71,148.45,V
2021-10-29,147.91,150.099,147.5606,149.42,V
2021-11-01,149.98,150.75,149.35,149.79,V
2021-11-02,149.97,150.175,149.28,149.72,V
2021-11-03,149.6,150.29,149.03,150.18,V
2021-11-04,150.18,151.848,149.83,151.28,V
2021-11-05,152.0,152.0,149.615,150.23,V
2021-11-08,150.22,150.51,148.73,149.27,V
2021-11-09,149.52,149.87,148.865,149.79,V
2021-11-10,148.73,149.62,147.98,148.44,V
2021-11-11,148.77,148.99,148.19,148.5,V
2021-11-12,149.0,149.24,147.54,147.76,V
2021-11-15,148.15,148.45,146.4,146.91,V
2021-11-16,145.1,146.68,142.3,143.17,V
2021-11-17,143.16,144.72,141.82,141.94,V
2021-11-18,142.14,143.29,140.86,143.16,V
2021-11-19,143.62,144.0,141.94,142.39,V
2021-09-13,185.115,185.8,183.5,184.98,WMT
2021-09-14,184.96,185.13,182.15,182.4,WMT
2021-09-15,182.06,184.66,181.103,184.41,WMT
2021-09-16,183.97,184.64,182.12,183.34,WMT
2021-09-17,182.91,185.9,182.73,183.47,WMT
2021-09-20,179.74,180.88,176.55,178.61,WMT
2021-09-21,180.32,182.23,169.03,171.17,WMT
2021-09-22,172.94,175.341,171.66,173.65,WMT
2021-09-23,174.94,177.19,174.37,176.25,WMT
2021-09-24,175.3,176.7,175.0772,176.0,WMT
2021-09-27,176.63,179.4502,175.96,178.26,WMT
2021-09-28,177.75,178.0,173.86,174.52,WMT
2021-09-29,174.25,174.96,172.59,172.68,WMT
2021-09-30,173.1,173.68,169.1,169.17,WMT
2021-10-01,172.28,177.32,171.97,176.01,WMT
2021-10-04,175.56,175.96,172.665,173.46,WMT
2021-10-05,173.83,176.24,173.61,174.61,WMT
2021-10-06,173.0,175.71,171.5501,175.48,WMT
2021-10-07,177.7,179.63,177.33,177.71,WMT
2021-10-08,177.93,178.6,176.4029,176.74,WMT
2021-10-11,176.02,176.52,173.48,173.52,WMT
2021-10-12,173.62,174.49,172.545,173.13,WMT
2021-10-13,173.63,173.7,170.94,172.96,WMT
2021-10-14,174.07,176.02,174.0,174.41,WMT
2021-10-15,175.69,178.89,174.1,176.46,WMT
2021-10-18,172.36,173.34,169.8,171.14,WMT
2021-10-19,171.44,171.58,170.18,171.18,WMT
2021-10-20,170.97,171.02,169.88,170.55,WMT
2021-10-21,170.2,172.5,170.1,171.34,WMT
2021-10-22,170.57,170.8,168.6,169.42,WMT
2021-10-25,169.9,172.57,169.025,172.01,WMT
2021-10-26,172.95,173.115,170.71,172.04,WMT
2021-10-27,171.77,172.04,169.43,169.55,WMT
2021-10-28,169.48,170.35,168.6,169.68,WMT
2021-10-29,169.02,170.4599,168.15,169.07,WMT
2021-11-01,169.21,171.25,169.09,170.19,WMT
2021-11-02,170.03,170.85,168.98,169.83,WMT
2021-11-03,169.7,170.19,168.37,170.08,WMT
2021-11-04,170.03,170.42,168.67,170.28,WMT
2021-11-05,173.5,176.99,172.33,175.63,WMT
2021-11-08,178.69,179.25,176.1018,176.87,WMT
2021-11-09,176.95,177.1198,173.21,175.11,WMT
2021-11-10,174.69,176.87,173.87,174.45,WMT
2021-11-11,162.89,163.96,158.33,162.11,WMT
2021-11-12,163.52,163.61,158.93,159.63,WMT
2021-11-15,160.09,160.72,157.66,158.43,WMT
2021-11-16,159.06,160.24,158.55,158.83,WMT
2021-11-17,158.73,158.89,156.75,157.33,WMT
2021-11-18,157.09,157.3,153.71,155.58,WMT
2021-11-19,155.02,155.21,152.77,154.0,WMT
